Workbook

Sheet raw data
A1: NAME | B1: REGION | C1: PRODUCT | D1: SALES | E1: MONTH
A2: Aisha | B2: north | C2: Laptop | D2: 45000 | E2: january
A3: Ravi | B3: south | C3: phone | D3: 32000 | E3: january
A4: PRIYA | B4: north | C4: Laptop | D4: 51000 | E4: febuary
A5: Karan | B5: east | C5: Tablet | D5: 28000 | E5: febuary
A6: Karan | B6: east | C6: Tablet | D6: 28000 | E6: febuary
A7: Sneha | B7: south | C7: PHONE | D7: 39000 | E7: march
A8: Arjun | B8: east | C8: laptop | D8: 62000 | E8: march
A9: Meera | B9: north | C9: Tablet | D9: 21000 | E9: march
A10: Aisha | B10: north | C10: Laptop | D10: 45000 | E10: january
A11: Rohit | B11: south | C11: Laptop | D11: 55000 | E11: april
A12: Duvya | B12: east | C12: Phone | D12: 43000 | E12: april
A13: Nikhil | B13: north | C13: Tablet | D13: 37000 | E13: april
... A16: Pooja | B16: north | C16: Tablet | D16: 33000 | E16: may

Sheet cleaned data
A1: Name | B1: Region | C1: Product | D1: Sales | E1: Month
A2: =PROPER(TRIM('raw data'!A2)) -> Aisha | B2: =PROPER(TRIM('raw data'!B2)) -> North | C2: =PROPER(TRIM('raw data'!C2)) -> Laptop | D2: ='raw data'!D2 -> 45000 | E2: =PROPER(TRIM('raw data'!E2)) -> January
A3: =PROPER(TRIM('raw data'!A3)) -> Ravi | B3: =PROPER(TRIM('raw data'!B3)) -> South | C3: =PROPER(TRIM('raw data'!C3)) -> Phone | D3: ='raw data'!D3 -> 32000 | E3: =PROPER(TRIM('raw data'!E3)) -> January
A4: =PROPER(TRIM('raw data'!A4)) -> Priya | B4: =PROPER(TRIM('raw data'!B4)) -> North | C4: =PROPER(TRIM('raw data'!C4)) -> Laptop | D4: ='raw data'!D4 -> 51000 | E4: =PROPER(TRIM('raw data'!E4)) -> Febuary
A5: =PROPER(TRIM('raw data'!A5)) -> Karan | B5: =PROPER(TRIM('raw data'!B5)) -> East | C5: =PROPER(TRIM('raw data'!C5)) -> Tablet | D5: ='raw data'!D5 -> 28000 | E5: =PROPER(TRIM('raw data'!E5)) -> Febuary
A6: =PROPER(TRIM('raw data'!A7)) -> Sneha | B6: =PROPER(TRIM('raw data'!B7)) -> South | C6: =PROPER(TRIM('raw data'!C7)) -> Phone | D6: ='raw data'!D6 -> 28000 | E6: =PROPER(TRIM('raw data'!E7)) -> March
A7: =PROPER(TRIM('raw data'!A8)) -> Arjun | B7: =PROPER(TRIM('raw data'!B8)) -> East | C7: =PROPER(TRIM('raw data'!C8)) -> Laptop | D7: ='raw data'!D7 -> 39000 | E7: =PROPER(TRIM('raw data'!E8)) -> March
A8: =PROPER(TRIM('raw data'!A9)) -> Meera | B8: =PROPER(TRIM('raw data'!B9)) -> North | C8: =PROPER(TRIM('raw data'!C9)) -> Tablet | D8: ='raw data'!D8 -> 62000 | E8: =PROPER(TRIM('raw data'!E9)) -> March
A9: =PROPER(TRIM('raw data'!A11)) -> Rohit | B9: =PROPER(TRIM('raw data'!B11)) -> South | C9: =PROPER(TRIM('raw data'!C11)) -> Laptop | D9: ='raw data'!D9 -> 21000 | E9: =PROPER(TRIM('raw data'!E11)) -> April
A10: =PROPER(TRIM('raw data'!A12)) -> Duvya | B10: =PROPER(TRIM('raw data'!B12)) -> East | C10: =PROPER(TRIM('raw data'!C12)) -> Phone | D10: ='raw data'!D10 -> 45000 | E10: =PROPER(TRIM('raw data'!E12)) -> April
A11: =PROPER(TRIM('raw data'!A13)) -> Nikhil | B11: =PROPER(TRIM('raw data'!B13)) -> North | C11: =PROPER(TRIM('raw data'!C13)) -> Tablet | D11: ='raw data'!D11 -> 55000 | E11: =PROPER(TRIM('raw data'!E13)) -> April
A12: =PROPER(TRIM('raw data'!A14)) -> Vikram | B12: =PROPER(TRIM('raw data'!B14)) -> South | C12: =PROPER(TRIM('raw data'!C14)) -> Laptop | D12: ='raw data'!D12 -> 43000 | E12: =PROPER(TRIM('raw data'!E14)) -> May
A13: =PROPER(TRIM('raw data'!A15)) -> Ananya | B13: =PROPER(TRIM('raw data'!B15)) -> East | C13: =PROPER(TRIM('raw data'!C15)) -> Phone | D13: ='raw data'!D13 -> 37000 | E13: =PROPER(TRIM('raw data'!E15)) -> May
A14: =PROPER(TRIM('raw data'!A16)) -> Pooja | B14: =PROPER(TRIM('raw data'!B16)) -> North | C14: =PROPER(TRIM('raw data'!C16)) -> Tablet | D14: ='raw data'!D14 -> 48000 | E14: =PROPER(TRIM('raw data'!E16)) -> May
D15: ='raw data'!D15 -> 29000

Sheet analysis
A1: Metric | B1: Value | D1: Region | E1: Total Sales | F1: Product | G1: Total Sales | H1: Name | I1: Sales | J1: Performance | K1: Bonus Eligible | L1: Grade
A2: Total Sales | B2: =SUM('cleaned data'!D2:D14) -> 534000 | D2: North | E2: =SUMIF('cleaned data'!B2:B14, "North", 'cleaned data'!D2:D14) -> 261000 | F2: Laptop | G2: =SUMIF('cleaned data'!C2:C14, "Laptop",'cleaned data'!D2:D14) -> 199000 | H2: ='cleaned data'!A2 -> Aisha | I2: ='cleaned data'!D2 -> 45000 | J2: =IF(I2>=50000,"high", IF(I2>=35000, "medium","low")) -> medium | K2: =IF(AND(I2>40000,'cleaned data'!B2="North"), "yes", "no") -> yes | L2: {=_xlfn.IFS(I2>55000, "A", I2>45000, "B", I2>35000,"C", I2>25000,"D")} -> C
A3: Average Sales | B3: =AVERAGE('cleaned data'!D2:D14) -> 41076.923 | D3: South | E3: =SUMIF('cleaned data'!B3:B15, "South", 'cleaned data'!D3:D15) -> 124000 | F3: Phone | G3: =SUMIF('cleaned data'!C2:C14, "Phone", 'cleaned data'!D2:D14) -> 142000 | H3: ='cleaned data'!A3 -> Ravi | I3: ='cleaned data'!D3 -> 32000 | J3: =IF(I3>=50000,"high", IF(I3>=35000, "medium","low")) -> low | K3: =IF(AND(12>40000, 'cleaned data'!B2="North"), "yes", "no") -> no | L3: {=_xlfn.IFS(I3>55000, "A", I3>45000, "B", I3>35000,"C", I3>25000,"D")} -> D
A4: Highest Sales | B4: =MAX('cleaned data'!D2:D14) -> 62000 | D4: East | E4: =SUMIF('cleaned data'!B4:B16, "East", 'cleaned data'!D4:D16) -> 149000 | F4: Tablet | G4: =SUMIF('cleaned data'!C2:C14,"Tablet", 'cleaned data'!D2:D14) -> 193000 | H4: ='cleaned data'!A4 -> Priya | I4: ='cleaned data'!D4 -> 51000 | J4: =IF(I4>=50000,"high", IF(I4>=35000, "medium","low")) -> high | K4: =IF(AND(I2>40000, 'cleaned data'!B2="North"), "yes", "no") -> yes | L4: {=_xlfn.IFS(I4>55000, "A", I4>45000, "B", I4>35000,"C", I4>25000,"D")} -> B
A5: Lowest Sales | B5: =MIN('cleaned data'!D2:D14) -> 21000 | D5: West | E5: =SUMIF('cleaned data'!B5:B17, "West", 'cleaned data'!D5:D17) -> 0 | H5: ='cleaned data'!A5 -> Karan | I5: ='cleaned data'!D5 -> 28000 | J5: =IF(I5>=50000,"high", IF(I5>=35000, "medium","low")) -> low | K5: =IF(AND(I3>40000, 'cleaned data'!B3="North"), "yes", "no") -> no | L5: {=_xlfn.IFS(I5>55000, "A", I5>45000, "B", I5>35000,"C", I5>25000,"D")} -> D
A6: Total Salespeople | B6: =COUNTA('cleaned data'!A2:A14) -> 13 | H6: ='cleaned data'!A6 -> Sneha | I6: ='cleaned data'!D6 -> 28000 | J6: =IF(I6>=50000,"high", IF(I6>=35000, "medium","low")) -> low | K6: =IF(AND(I4>40000, 'cleaned data'!B4="North"), "yes", "no") -> yes | L6: {=_xlfn.IFS(I6>55000, "A", I6>45000, "B", I6>35000,"C", I6>25000,"D")} -> D
H7: ='cleaned data'!A7 -> Arjun | I7: ='cleaned data'!D7 -> 39000 | J7: =IF(I7>=50000,"high", IF(I7>=35000, "medium","low")) -> medium | K7: =IF(AND(I5>40000, 'cleaned data'!B5="North"), "yes", "no") -> no | L7: {=_xlfn.IFS(I7>55000, "A", I7>45000, "B", I7>35000,"C", I7>25000,"D")} -> C
H8: ='cleaned data'!A8 -> Meera | I8: ='cleaned data'!D8 -> 62000 | J8: =IF(I8>=50000,"high", IF(I8>=35000, "medium","low")) -> high | K8: =IF(AND(I6>40000, 'cleaned data'!B6="North"), "yes", "no") -> no | L8: {=_xlfn.IFS(I8>55000, "A", I8>45000, "B", I8>35000,"C", I8>25000,"D")} -> A
H9: ='cleaned data'!A9 -> Rohit | I9: ='cleaned data'!D9 -> 21000 | J9: =IF(I9>=50000,"high", IF(I9>=35000, "medium","low")) -> low | K9: =IF(AND(I7>40000, 'cleaned data'!B7="North"), "yes", "no") -> no | L9: {=_xlfn.IFS(I9>55000, "A", I9>45000, "B", I9>35000,"C", I9>25000,"D")} -> #N/A
H10: ='cleaned data'!A10 -> Duvya | I10: ='cleaned data'!D10 -> 45000 | J10: =IF(I10>=50000,"high", IF(I10>=35000, "medium","low")) -> medium | K10: =IF(AND(I8>40000, 'cleaned data'!B8="North"), "yes", "no") -> yes | L10: {=_xlfn.IFS(I10>55000, "A", I10>45000, "B", I10>35000,"C", I10>25000,"D")} -> C
H11: ='cleaned data'!A11 -> Nikhil | I11: ='cleaned data'!D11 -> 55000 | J11: =IF(I11>=50000,"high", IF(I11>=35000, "medium","low")) -> high | K11: =IF(AND(I9>40000, 'cleaned data'!B9="North"), "yes", "no") -> no | L11: {=_xlfn.IFS(I11>55000, "A", I11>45000, "B", I11>35000,"C", I11>25000,"D")} -> B
H12: ='cleaned data'!A12 -> Vikram | I12: ='cleaned data'!D12 -> 43000 | J12: =IF(I12>=50000,"high", IF(I12>=35000, "medium","low")) -> medium | K12: =IF(AND(I10>40000, 'cleaned data'!B10="North"), "yes", "no") -> no | L12: {=_xlfn.IFS(I12>55000, "A", I12>45000, "B", I12>35000,"C", I12>25000,"D")} -> C
H13: ='cleaned data'!A13 -> Ananya | I13: ='cleaned data'!D13 -> 37000 | J13: =IF(I13>=50000,"high", IF(I13>=35000, "medium","low")) -> medium | K13: =IF(AND(I11>40000, 'cleaned data'!B11="North"), "yes", "no") -> yes | L13: {=_xlfn.IFS(I13>55000, "A", I13>45000, "B", I13>35000,"C", I13>25000,"D")} -> C
H14: ='cleaned data'!A14 -> Pooja | I14: ='cleaned data'!D14 -> 48000 | J14: =IF(I14>=50000,"high", IF(I14>=35000, "medium","low")) -> medium | K14: =IF(AND(I12>40000, 'cleaned data'!B12="North"), "yes", "no") -> no | L14: {=_xlfn.IFS(I14>55000, "A", I14>45000, "B", I14>35000,"C", I14>25000,"D")} -> B
H15: TOTAL REVENUE | I15: =SUM(I2:I14) -> 534000

Sheet dashboard

Sheet findings
A1: SALES ANALYSIS FINDINGS
A2: Analyst : RAMSHA ZAMEER
A3: Date : 08/07/26
A4: Date Period : January- May
A6: KEY FINDINGS
A7: 1. Total revenue across all salespeople: ₹5,34,000
A8: 2. North region leads with ₹2,61,000 in total sales — highest among all regions
A9: 3. Laptop is the top product contributing 37% of total revenue
A10: 4. Meera is the highest individual performer with ₹62,000
A11: 5. West region has the lowest total sales at ₹1,65,000 and needs attention
A12: 6. 3 out of 13 salespeople qualify as High performers (sales above ₹50,000)
A14: RECOMMENDATIONS:
... A23: 3. Extra spaces removed from 4 salesperson names
